title,text
Japan election: Ruling LDP retains majority - exit polls,"Japan's governing party will retain power after Sunday's general election, exit polls say. They say PM Fumio Kishida's Liberal Democratic Party (LDP) has secured more than 233 lower house seats - enough to govern without its coalition partner. Mr Kishida, 64, became leader of the LPD earlier this month. The party has dominated Japanese politics for decades but has been criticised for its handling of the coronavirus pandemic. His predecessor, Yoshihide Suga, stepped down in September after just a year in office. The resignation came amid plummeting poll ratings for the LDP following an unpopular push to continue with the Tokyo Olympics despite public concern about surging Covid-19 rates. Mr Kishida has long-targeted the prime ministerial role and previously served as the country's foreign minister from 2012 to 2017. The LDP went into Sunday's general election holding 276 of the the 465 seats up for grabs. But it is now predicted to get between 258 and 261 seats, while its coalition partner Komeito is on course to secure 32 seats. However, the LDP's secretary-general Akira Amari looks set to lose his seat and is expected to resign. Japan's parliament, known as the National Diet, comprises the lower House of Representatives and an upper House of Councillors. Sunday's vote concerned the more powerful lower house, with an upper house vote set to take place next year. This video can not be played Fumio Kishida wins race to become Japan's next PM Extreme weather events are 'the new norm' Scientists from the WMO say global warming is leading the world into ""uncharted territory"". Macron says Australian PM lied over submarine deal Migrants desperate for help camp on UN's doorstep. VideoMigrants desperate for help camp on UN's doorstep Can COP26 really save the planet? âAs a child I saw the plane crash that killed my sisters' Life where it's too hot to work, too hot to sleep How the Taliban takeover changed my life 'I want to give my autistic son a voice' Tiny pumpkins a smash hit for glassmaker. VideoTiny pumpkins a smash hit for glassmaker A lifetime with the Yanomami. VideoA lifetime with the Yanomami Jailed three times for refusing to join the army. VideoJailed three times for refusing to join the army The Tantra teacher giving millennials 'orgasms' in Singapore 15 sayings from around the world Â© 2021 BBC. The BBC is not responsible for the content of external sites. Read about our approach to external linking."
Aukus: French president says Australian PM lied over submarine deal,"French President Emmanuel Macron has said Australia's PM Scott Morrison lied to him about a scrapped submarine deal. Asked whether he thinks Mr Morrison was untruthful, the president replied: ""I don't think, I know."" Mr Macron was furious after Australia cancelled a $37bn (Â£27bn) deal to build 12 submarines, and instead negotiated a new defence pact with the US and the UK - the so-called Aukus. Mr Morrison denies that he was dishonest. The pair's meeting at the G20 summit was their first since the row erupted in September. On the sidelines of the gathering in Rome, President Macron was asked by an Australian journalist whether he could trust Mr Morrison again. ""We will see what he will deliver,"" Mr Macron answered. ""I have a lot of respect for your country. I have a lot of respect and a lot of friendship for your people. I just say when we have respect, you have to be true and you have to behave in line and consistently with this value."" I ask French President Emmanuel Macron whether Scott Morrison lied to him: âI donât think, I know.â pic.twitter.com/3tcg4xrl90 The cancelled deal launched a bitter rift between France, Australia and the US. French Foreign Minister Jean-Yves Le Drian denounced the decision as ""a stab in the back"", and Paris temporarily recalled its ambassadors to Australia and the US. Speaking after Mr Macron's comments, Scott Morrison told reporters he had not lied to the president, and that he had previously explained to him that conventional submarines would no longer meet Australia's defence needs, according to Reuters news agency. He added that rebuilding the trust and relationship between the two nations had already begun. On Friday, US President Joe Biden also held his first face-to-face meeting with Mr Macron since the Aukus pact was agreed. During the seemingly awkward exchange, Mr Biden admitted that the US was ""clumsy"" over the negotiations. Mr Macron said it was important to ""look to the future"". The leaders will have more time to mend relations, as all three are now heading to the Scottish city of Glasgow for the COP26 climate change summit. This video can not be played The Aukus pact will let Australia build nuclear-powered submarines for the first time, using technology provided by the US. It will also cover AI and other technologies, and is one of Australia's biggest defence partnerships in decades. The pact scuppered a deal signed by Australia in 2016 for France to build 12 conventional submarines. It is widely seen as an effort to counter China's growing military might. China has condemned the agreement as ""extremely irresponsible"". First French-Australian talks after submarine row UK, US and Australia launch pact to counter China Aukus pact could signal power shift in Asia-Pacific Extreme weather events are 'the new norm' Scientists from the WMO say global warming is leading the world into ""uncharted territory"". Macron says Australian PM lied over submarine deal Migrants desperate for help camp on UN's doorstep. VideoMigrants desperate for help camp on UN's doorstep Can COP26 really save the planet? A really simple guide to climate change Migrants desperate for help camp on UN's doorstep. VideoMigrants desperate for help camp on UN's doorstep Three women, one cheating ex and an adventure. VideoThree women, one cheating ex and an adventure The film-school reject winning prizes and hearts Protecting Australia's lesser-known sacred rock. VideoProtecting Australia's lesser-known sacred rock What you can do to reduce emissions Can we stomach the latest emerging food innovations? The ancient martial art feared by the British Raj in India 15 sayings from around the world Â© 2021 BBC. The BBC is not responsible for the content of external sites. Read about our approach to external linking."
Yemen: Nine killed in Aden airport car bomb,"At least nine people have been killed in a car bombing near an airport in Yemen's temporary capital, Aden. Another 12 people are believed to have been injured in Saturday's explosion - described as a ""terrorist bombing"" by Prime Minister Mueen Abdulmalek Saeed. Eyewitnesses say women and children are among the casualties. So far, no one has claimed responsibility. Local media note the attack coincided with the arrival of Aden's former governor at the airport. He is unhurt. The current governor was himself a target of a car bombing three weeks ago which left another six people dead, news agency AFP reports. Saturday's bombing is the deadliest attack in the city since at least 22 people were killed at the same airport last December. The country's internationally recognised government have been based in Aden since 2014, when Houthi rebels forced them from the capital, Sanaa. The conflict escalated in 2015, when a Saudi-led coalition of Arab states launched a military operation to defeat the Houthis and restore President Abdrabbuh Mansour Hadi's rule. The fighting has reportedly left more than 110,000 people dead; triggered the world's worst humanitarian disaster, with millions on the brink of famine; and left the country even more vulnerable to the Covid-19 pandemic. This video can not be played Outcry over executions of nine men by Yemen rebels Saudis intercept Houthi missiles - defence ministry Iranian 'spy ship' damaged by explosion in Red Sea Yemen rebels 'regret' deadly migrant centre fire Extreme weather events are 'the new norm' Scientists from the WMO say global warming is leading the world into ""uncharted territory"". No excuses for not tackling climate change - Johnson G20 pledge climate action but make few commitments Can COP26 really save the planet? âAs a child I saw the plane crash that killed my sisters' Life where it's too hot to work, too hot to sleep How the Taliban takeover changed my life 'I want to give my autistic son a voice' Tiny pumpkins a smash hit for glassmaker. VideoTiny pumpkins a smash hit for glassmaker A lifetime with the Yanomami. VideoA lifetime with the Yanomami Jailed three times for refusing to join the army. VideoJailed three times for refusing to join the army The Tantra teacher giving millennials 'orgasms' in Singapore 15 sayings from around the world Â© 2021 BBC. The BBC is not responsible for the content of external sites. Read about our approach to external linking."
Tokyo subway knife and fire attack leaves 17 injured,"This video can not be played A knife and arson attack on an underground train line in Tokyo has left 17 injured, local media say. Police arrested a 24-year-old man, who was wearing a costume similar to the Joker character from the Batman comics. The attack happened as many people headed for Halloween parties. Witnesses say the suspect sprayed a clear liquid around the carriage and set it alight. Video footage showed passengers running through carriages away from flames and clambering out of train windows. The attack happened at around 20:00 local time (11:00 GMT) near Kokuryo station, in the city's western suburbs. Eyewitnesses said the suspect was wearing a bright purple and green suit. ""I thought it was a Halloween stunt,"" one witness told the Yomiuri newspaper about the attack. ""Then, I saw a man walking this way, slowly waving a long knife."" The AP news agency, citing the Tokyo Fire Department, said three of the injured had serious wounds. Local media reports an elderly man was unconscious after being stabbed in the attack. Video from the scene shows passengers running from the attacker, stumbling through a connecting door between carriages and climbing through the train's windows after it made an emergency stop. Shunsuke Kimura, who filmed one of the videos, told the national NHK broadcaster that the scene was ""horrifying"". ""Train doors were closed and we had no idea what was happening, and we jumped from the windows,"" he said. The suspect, who was arrested at the scene, told authorities he ""wanted to kill people so he could be sentenced to death"", local media reported. Violent crime is rare in Japan but there have been a number of high-profile knife attacks in recent years. Ten people were injured by a knife-wielding man on another Tokyo commuter train in August. In 2019, a man attacked a group of schoolchildren waiting for a bus in Kawasaki, killing two and injuring at least 18 others. Extreme weather events are 'the new norm' Scientists from the WMO say global warming is leading the world into ""uncharted territory"". Macron says Australian PM lied over submarine deal Migrants desperate for help camp on UN's doorstep. VideoMigrants desperate for help camp on UN's doorstep Can COP26 really save the planet? A really simple guide to climate change Migrants desperate for help camp on UN's doorstep. VideoMigrants desperate for help camp on UN's doorstep Three women, one cheating ex and an adventure. VideoThree women, one cheating ex and an adventure The film-school reject winning prizes and hearts Protecting Australia's lesser-known sacred rock. VideoProtecting Australia's lesser-known sacred rock What you can do to reduce emissions Can we stomach the latest emerging food innovations? The ancient martial art feared by the British Raj in India 15 sayings from around the world Â© 2021 BBC. The BBC is not responsible for the content of external sites. Read about our approach to external linking."
Man dies during bull-running event in Spanish city of Onda,"A 55-year-old man has died after being gored at a bull-running event in the eastern Spanish town of Onda. The man was repeatedly attacked by the bull at the Fira de Onda festival, suffering a head wound and having an artery punctured in his left thigh. He  died at a hospital in the nearby town of Villareal. Onda council said it had cancelled all bull-running events in the town's festival, but other activities would go ahead. It was the first fatality of its kind since similar events were resumed in Spain, following a relaxation of Covid restrictions over the summer. But despite the rule changes, only a handful of bull-running events have gone ahead, as debate ramps up in Spain over whether they should be abolished. The practice has been a long-standing feature of Spanish culture. Similar bull runs are held in neighbouring France and Portugal as well. During the events, crowds of participants run in front of a group of bulls which are let loose in a section of the town. In some festivals, the bulls are then taken to participate in controversial bull-fighting tournaments. Injuries are common in bull runs. Since 1910, at least 16 runners have lost their lives during the San FermÃ­n festival in Pamplona. Three gored during first Pamplona bull run Extreme weather events are 'the new norm' Scientists from the WMO say global warming is leading the world into ""uncharted territory"". Macron says Australian PM lied over submarine deal Migrants desperate for help camp on UN's doorstep. VideoMigrants desperate for help camp on UN's doorstep Can COP26 really save the planet? A really simple guide to climate change Migrants desperate for help camp on UN's doorstep. VideoMigrants desperate for help camp on UN's doorstep Three women, one cheating ex and an adventure. VideoThree women, one cheating ex and an adventure The film-school reject winning prizes and hearts Protecting Australia's lesser-known sacred rock. VideoProtecting Australia's lesser-known sacred rock What you can do to reduce emissions Can we stomach the latest emerging food innovations? The ancient martial art feared by the British Raj in India 15 sayings from around the world Â© 2021 BBC. The BBC is not responsible for the content of external sites. Read about our approach to external linking."
Mount Augustus: Preserving Australia's lesser-known sacred rock,"This video can not be played Mount Augustus is a huge rock in Western Australia that has often drawn comparisons to a more famous landmark, Uluru. Known as Burringurrah to the local Aboriginal people, it too has been a sacred site for thousands of years. Indigenous rangers have recently stepped up efforts to preserve it. Video by Isabelle Rodd Protecting Australia's lesser-known sacred rock. Video, 00:03:20Protecting Australia's lesser-known sacred rock Up Next. Aboriginal possum cloaks: 'This one tells my story' Video, 00:03:21Aboriginal possum cloaks: 'This one tells my story' The changing faces of Australia's top portrait prize. Video, 00:02:33The changing faces of Australia's top portrait prize Ancient Aboriginal art 'unlike anything seen before' Video, 00:02:33Ancient Aboriginal art 'unlike anything seen before' The Australian language dying out. Video, 00:03:40The Australian language dying out Migrants desperate for help camp on UN's doorstep. Video, 00:02:36Migrants desperate for help camp on UN's doorstep If Glasgow fails, then the whole thing fails - PM. Video, 00:02:33If Glasgow fails, then the whole thing fails - PM Biden: Russia and China 'didn't show up' on climate. Video, 00:00:58Biden: Russia and China 'didn't show up' on climate Passengers describe moment of Salisbury train crash. Video, 00:01:20Passengers describe moment of Salisbury train crash Three women, one cheating ex and an adventure. Video, 00:03:01Three women, one cheating ex and an adventure One-minute World News. Video, 00:01:04One-minute World News The Indian village that could disappear under water. Video, 00:02:53The Indian village that could disappear under water The moment train passengers flee Tokyo attack. Video, 00:00:47The moment train passengers flee Tokyo attack Swift performs at Rock and Roll Hall of Fame. Video, 00:01:46Swift performs at Rock and Roll Hall of Fame Â© 2021 BBC. The BBC is not responsible for the content of external sites. Read about our approach to external linking."
"Bam Bus: Three women, one cheating ex and an adventure","This video can not be played A group of women have become social media stars after discovering they were dating the same man. When the trio found they shared a boyfriend, they soon dumped him and discovered he was not the only thing they had in common, as they also shared a passion for travel. They set about planning a road trip and renovating an old school bus to call home, before taking to the road and documenting their journey through Instagram and blog posts. Now firm friends, they have a community of more than 66,000 followers who they regularly share their adventures, travel tips and advice with. Three women, one cheating ex and an adventure. Video, 00:03:01Three women, one cheating ex and an adventure Up Next. The man who took the world on an adventure. Video, 00:03:10The man who took the world on an adventure Meet the Aussie skateboarding an 'insane' 4,000km. Video, 00:03:44Meet the Aussie skateboarding an 'insane' 4,000km The trucker sharing wild landscapes for a cause. Video, 00:03:01The trucker sharing wild landscapes for a cause 'I'm running with the person who saved my life' Video, 00:02:45'I'm running with the person who saved my life' Migrants desperate for help camp on UN's doorstep. Video, 00:02:36Migrants desperate for help camp on UN's doorstep If Glasgow fails, then the whole thing fails - PM. Video, 00:02:33If Glasgow fails, then the whole thing fails - PM Biden: Russia and China 'didn't show up' on climate. Video, 00:00:58Biden: Russia and China 'didn't show up' on climate Passengers describe moment of Salisbury train crash. Video, 00:01:20Passengers describe moment of Salisbury train crash Protecting Australia's lesser-known sacred rock. Video, 00:03:20Protecting Australia's lesser-known sacred rock One-minute World News. Video, 00:01:04One-minute World News The Indian village that could disappear under water. Video, 00:02:53The Indian village that could disappear under water The moment train passengers flee Tokyo attack. Video, 00:00:47The moment train passengers flee Tokyo attack Swift performs at Rock and Roll Hall of Fame. Video, 00:01:46Swift performs at Rock and Roll Hall of Fame Â© 2021 BBC. The BBC is not responsible for the content of external sites. Read about our approach to external linking."
Climate change: The Indian village that could disappear under water,"This video can not be played Uppada, a coastal village in the southern Indian state of Andhra Pradesh, is known for its unique weaving tradition. But its existence is under threat because of rising sea levels. Several people have been displaced as heavy coastal erosion has broken their houses and damaged properties. They are now settling further away from the coast. Climate researchers say the neighbouring city of Kakinada - just 16 miles away - could also be submerged in 80 years. Video by Shankar Vadishetti and Ravi Pedapolu. Edited by Sangeetham Prabhakar More on climate summit The Indian village that could disappear under water. Video, 00:02:53The Indian village that could disappear under water Up Next. The cheap solution to India's sweltering homes. Video, 00:03:38The cheap solution to India's sweltering homes Fleeing the desert's shifting sands. Video, 00:04:20Fleeing the desert's shifting sands Surviving in Kuwait's 'unbearable' heat. Video, 00:03:58Surviving in Kuwait's 'unbearable' heat 'I direct traffic in 50C heat' Video, 00:04:21'I direct traffic in 50C heat' Why Mexico is not prepared for the migrant caravan. Video, 00:03:42Why Mexico is not prepared for the migrant caravan Liverpool bomb witness: 'Am I going to get over this?' Video, 00:02:01Liverpool bomb witness: 'Am I going to get over this?' Cows rescued from storm floods by jet ski. Video, 00:00:47Cows rescued from storm floods by jet ski Multiple waterspouts hit Sicilian city of Licata. Video, 00:01:12Multiple waterspouts hit Sicilian city of Licata The Office star who made a million dollars on Cameo. Video, 00:00:48The Office star who made a million dollars on Cameo One-minute World News. Video, 00:01:02One-minute World News Britney Spears: Life after conservatorship. Video, 00:01:21Britney Spears: Life after conservatorship Tens of millions of crabs cover Christmas Island. Video, 00:01:04Tens of millions of crabs cover Christmas Island Queen returns to public duties. Video, 00:00:40Queen returns to public duties Â© 2021 BBC. The BBC is not responsible for the content of external sites. Read about our approach to external linking."
How film-school reject Khadar Ahmed is winning prizes and hearts,"By Damian ZaneBBC News The prize-winning film The Gravedigger's Wife looks like the work of a seasoned director, yet it is Khadar Ahmed's debut feature. Its pacing, timing and beauty show a confidence belying the 40-year-old's lack of experience. He fled Somalia's civil war with his family and ended up in Finland aged 16 - and has never made it to film school. ""God knows how many times I applied for film school but never got in,"" he told the BBC. Yet promoting Somali-language film has become a goal - to show his culture and roots on screen. For Ahmed, winning the top prize last month at Africa's prestigious Fespaco film festival proves that dramas in his mother tongue can cross borders. The Gravedigger's Wife is a tender love story with dark comic flashes about the lengths a person can go to in order to save someone they love. The gravedigger - Guled, played by Omar Abdi - sits outside hospital with his comrades, shovel in hand, waiting for a patient to die. Ironically, it is only through these deaths that he can make money to help keep his sick wife, Nasra, alive. Played by Yasmin Warsame, she is dying of kidney failure. The enormous cost of life-saving treatment forces Guled to make some extreme decisions. This simple, pared-down story, filmed with long silences and expansive landscapes, is nothing like the tales that Ahmed grew up with. He recalls a diet of Bollywood films filled with music and dancing and happy-ever-after endings. ""I had no reference for this film, I had no film that I could compare this to,"" Ahmed says. ""So I had to create my vision of how I see it."" In fact, he cannot remember ever seeing a professionally made Somali film at the cinema. His mother was in tears throughout the entire screening when The Gravedigger's Wife premiered at the Cannes Film Festival in July. ""She was so overwhelmed,"" he says. ""There are so many generations who have never had the pleasure and opportunity to see themselves on the big screen. I wanted to create that."" The Gravedigger's Wife is set, and was filmed on location, in Djibouti, which neighbours Somalia, but it has not yet been shown in the region. A large audience of Somalis, and people of Somali heritage, did get to see it at September's Toronto International Film Festival. ""They all felt a sense of pride. It was a joy to watch them enjoy it and then come up to me afterwards,"" Ahmed says. The director also hopes that his path to making the film could serve as an inspiration. He never went to film school, nor received any formal directorial training and has never worked on anyone else's film set. His journey began a decade ago when he wrote the first draft of the screenplay. He was so determined that he would direct it himself in Somali that he put it to one side to learn the craft in part by absorbing the ideas of the films he loved. After watching Bollywood, he turned to cinema from all over the world, including South Korea and Iran. But his biggest influence has been films made on the African continent. He especially admires the work of Mauritanian Abderrahmane Sissako, who was the chairman of the Fespaco prize jury. Chadian director Mahamat-Saleh Haroun has also had an impact on Ahmed, and he remembers crying at the beauty of his 2010 film A Screaming Man. After studying these films and trying to understand the techniques, he directed two short films and wrote a screenplay in Finnish before he felt able to take on The Gravedigger's Wife. Now he is left wondering if he had gone to film school whether the experience would have changed him for better or worse. ""I want to encourage young African film-makers, non-privileged film-makers, to really grab cameras and do their own stuff. Write their own stories, capture their own lives and do it on their own, because not everyone's so privileged."" He himself is determined to carry on making films in Africa: ""I hail from the continent and I believe that the future of cinema is in Africa. There are so many stories that cannot be set in Western countries."" He believes the precariousness of life and the dilemmas that people like his fictional gravedigger face are what can make great drama. But when it comes to genre, he is eager to explore the possibilities. ""I want to make comedy, I want to make sci-fi, I want to make Westerns, horror films and thrillers,"" he says. The Fespaco award may help him do this, but for now after years of honing his vision ""having the film made was the biggest prize"". ""I'm just really happy that all this is happening for the film."" A quick guide to Somalia Africa Today podcasts Extreme weather events are 'the new norm' Scientists from the WMO say global warming is leading the world into ""uncharted territory"". Macron says Australian PM lied over submarine deal Migrants desperate for help camp on UN's doorstep. VideoMigrants desperate for help camp on UN's doorstep Can COP26 really save the planet? A really simple guide to climate change Migrants desperate for help camp on UN's doorstep. VideoMigrants desperate for help camp on UN's doorstep Three women, one cheating ex and an adventure. VideoThree women, one cheating ex and an adventure The film-school reject winning prizes and hearts Protecting Australia's lesser-known sacred rock. VideoProtecting Australia's lesser-known sacred rock What you can do to reduce emissions Can we stomach the latest emerging food innovations? The ancient martial art feared by the British Raj in India 15 sayings from around the world Â© 2021 BBC. The BBC is not responsible for the content of external sites. Read about our approach to external linking."
G20 pledge climate action but make few commitments,"The leaders of the world's richest economies have agreed to pursue efforts to limit global warming with ""meaningful and effective actions"". But the agreement from the G20 summit in Rome made few concrete commitments, disappointing activists. Host nation Italy had hoped that firm targets would be set before the COP26 summit in Glasgow, which has now begun. UK PM Boris Johnson, who is hosting COP26 said leaders' promises without action were ""starting to sound hollow"". ""These commitments... are drops in a rapidly warming ocean,"" Mr Johnson said. This video can not be played US President Joe Biden said there were a ""series of very productive meetings"" at the G20, adding that he was ""looking forward to continuing to make progress"" on climate issues in Glasgow. He also said China and Russia - who are among the world's biggest polluters - ""basically didn't show up"" on matters of the climate, which was ""disappointing"". The G20 group, made up of 19 countries and the European Union, accounts for 80% of the world's emissions. The communiquÃ©, or official statement released by the leaders, also makes no reference to achieving net zero by 2050. Net zero means reducing greenhouse gas emissions as much as possible, until a country is absorbing the same amount of emissions from the atmosphere that it is putting out. Italian Prime Minister Mario Draghi did however say in his closing statement that all of the G20 countries are committed to reaching the target by the mid-century. Scientists say this must be achieved by 2050 to avoid a climate catastrophe, and most countries have agreed to this. However China - the world's biggest polluter - and Russia have pushed that target out to 2060. Neither China's President Xi Jinping, nor Russia's Vladimir Putin were in Rome for the conference, instead joining via video link. Their absence raised concerns that a deal would not be easy to reach. Mr Putin said his plan was to ""not just to reach carbon neutrality, but to make sure that within the next three decades, the amount of greenhouse gas emissions in Russia is lower than, for instance, that of our neighbours and colleagues in the EU."" The communiquÃ© does pledge to stop financing new, unabated coal plants internationally by the end of this year - a strong message to coal-reliant nations such as China, Russia and India. But the G20 leaders stopped short of agreeing to end coal power in their own nations. Mr Draghi said that they were closer to reaching the goal of providing $100bn a year in climate financing to developing countries - a key pledge which has been pushed out to 2023. AntÃ³nio Guterres, the UN's secretary-general, tweeted that he was leaving Rome with his ""hopes unfulfilled"" but not buried. While I welcome the #G20's recommitment to global solutions, I leave Rome with my hopes unfulfilled â but at least they are not buried. Onwards to #COP26 in Glasgow to keep the goal of 1.5 degrees alive and to implement promises on finance and adaptation for people & planet. pic.twitter.com/c1nhIDbA8m Mr Johnson said it had been a ""reasonable"" G20, with some progress made, but there was still so much work to do that ""right now, the Paris agreement and the hope that came with it is just a piece of paper"". Leaders are due to leave Rome and arrive in Glasgow on Sunday night ahead of their high-level climate talks on Monday at COP26. Mr Johnson had a gloomy message ahead of the conference: ""If Glasgow fails, then the whole thing fails."" Activists had expressed their disappointment over the communiquÃ©, feeling it was not tough enough. Oscar Soria, of the activist network Avaaz, told the agency there was ""little sense of urgency"" coming from the group, adding: ""There is no more time for vague wish-lists, we need concrete commitments and action."" However, others have been keen to paint the G20 as a stepping stone to COP26, which will see delegates from nearly 200 countries gather to discuss cutting carbon emissions. A US official told reporters the G20 was about ""helping build momentum"" before the leaders head to Glasgow, while France's President Emmanuel Macron told newspaper Journal du Dimanche that ""nothing is ever written before a COP"". This video can not be played On Saturday, the first day of the two-day summit, focus was on Covid and the economy, with an agreement being reached on a global tax rate which will see the profits of large businesses taxed at least 15%. It follows concern that multinational companies are re-routing their profits through low tax jurisdictions. After years of talking, the planet is now at least 1.1C hotter than the pre-industrial level. Climate scientist want warming restricted to 1.5C to prevent climate catastrophe. Read more about the COP26 summit here. Why China's climate policy matters to us all What action are the biggest carbon polluters taking? 'Moment of truth' as world meets at climate summit Extreme weather events are 'the new norm' Scientists from the WMO say global warming is leading the world into ""uncharted territory"". Macron says Australian PM lied over submarine deal Migrants desperate for help camp on UN's doorstep. VideoMigrants desperate for help camp on UN's doorstep Can COP26 really save the planet? A really simple guide to climate change Migrants desperate for help camp on UN's doorstep. VideoMigrants desperate for help camp on UN's doorstep Three women, one cheating ex and an adventure. VideoThree women, one cheating ex and an adventure The film-school reject winning prizes and hearts Protecting Australia's lesser-known sacred rock. VideoProtecting Australia's lesser-known sacred rock What you can do to reduce emissions Can we stomach the latest emerging food innovations? The ancient martial art feared by the British Raj in India 15 sayings from around the world Â© 2021 BBC. The BBC is not responsible for the content of external sites. Read about our approach to external linking."
Igor Kirillov: TV man known as the face of the USSR dies at 89,"By Steve RosenbergBBC News, Moscow Igor Kirillov - the man known as the face and voice of the USSR for three decades - has died in Russia aged 89. Kirillov was Soviet TV's chief newsreader and announcer. With his trademark delivery - unhurried and calm - he informed viewers of the first sputnik in space, and delivered the communiquÃ©s of the Communist Party. He also anchored all major Soviet set-piece events: from Moscow's Red Square parades to communist congresses. The Soviet Union collapsed in 1991. Positive stories dominated Soviet news bulletins. Every year, to images of combine harvesters advancing through the fields, Igor Kirillov would declare the grain harvest a triumph. But did he believe it? ""For me the hardest thing of all was to believe what I was reading out,"" Igor Kirillov told me in an interview in 2011. ""Deep down I knew that the texts contained half-truths. But as a newsreader you had to convince yourself it was the complete truth. And I did. I persuaded myself that we really were building communism. That life really would get better. Any doubts I had I managed to overcome. If I hadn't then I wouldn't have been able to do my job."" The news wasn't always good. In the 1980s Soviet leaders got into the nasty habit of dying in rapid succession. It was a sombre Igor Kirillov who informed the country of their passing. It happened so often, in fact, that it sparked this famous Soviet joke: Igor Kirillov goes on air in a black tie and announces: ""Comrades, you're going to laugh, but another irreplaceable leader needs replacing."" He had trained as an actor. So how did he break into television? ""At the job interview, I played the guitar and sang,"" he told me. ""Then they asked me to read something out. Luckily the night before I'd memorised a copy of the newspaper Pravda. So I recited that, right off the top of my head. Afterwards as I was leaving the building, the chief stopped me. 'Where are you going?' he said. 'You've got the job and you're on air in two hours'."" The communist newscaster had other jobs, too. He presented Soviet TV's version of Top of the Pops. It was a little more Lenin than Paul McCartney. In 1985 he became a global chart-topper, with a little help from Sting, whose hit song Russians kicks off with Igor Kirillov's voice reading the news. By the late 1980s television news was changing around the world. Journalists were replacing professional announcers as newsreaders. The USSR was no exception.  Soviet TV revamped its nightly news. In came reportersâ¦ out went the ""dyktory"". In 1990, during a study year in Moscow, I interviewed Igor Kirillov for a university project. The Soviet Union's most famous announcer was having a difficult time. ""I read the news for 20 two years on the nightly news Vremya,"" he told me. ""Now they've decided not to use 'diktory'. There's a condescending, disdainful attitude now towards announcers."" He thought that journalists who became anchors delivered the news too fast. ""Russians don't like fast talking. They have their own way of conversing: in a calm, unhurried, thoughtful way. ""If TV news goes in one ear and out the other, our heads will be empty."" Soviet Union timeline Mikhail Gorbachev: The man who lost an empire Extreme weather events are 'the new norm' Scientists from the WMO say global warming is leading the world into ""uncharted territory"". Macron says Australian PM lied over submarine deal Migrants desperate for help camp on UN's doorstep. VideoMigrants desperate for help camp on UN's doorstep The challenges that COP26 needs to tackle What the COP26 climate summit could mean for us all Migrants desperate for help camp on UN's doorstep. VideoMigrants desperate for help camp on UN's doorstep Three women, one cheating ex and an adventure. VideoThree women, one cheating ex and an adventure The film-school reject winning prizes and hearts Protecting Australia's lesser-known sacred rock. VideoProtecting Australia's lesser-known sacred rock What you can do to reduce emissions Can we stomach the latest emerging food innovations? The ancient martial art feared by the British Raj in India 15 sayings from around the world Â© 2021 BBC. The BBC is not responsible for the content of external sites. Read about our approach to external linking."
Biden at G20: Russia and China 'didn't show up' on climate,"This video can not be played US President Joe Biden has addressed disappointment by some about what was agreed at the G20 ahead of COP26. Speaking in Rome, Mr Biden said China and Russia ""basically didn't show up"" on matters of the climate. Neither China's President Xi Jinping, nor Russia's Vladimir Putin, were in Italy's capital for the conference, instead joining via video link. Read more: G20 pledge climate action but make few commitments More on the climate summit Biden: Russia and China 'didn't show up' on climate. Video, 00:00:58Biden: Russia and China 'didn't show up' on climate Up Next. COP26 is the last chance saloon - Prince Charles. Video, 00:00:45COP26 is the last chance saloon - Prince Charles If Glasgow fails, then the whole thing fails - PM. Video, 00:02:33If Glasgow fails, then the whole thing fails - PM Greta: It's never too late to do as much as we can. Video, 00:00:48Greta: It's never too late to do as much as we can Limiting temperature rise to 1.5C 'very tough' Video, 00:01:26Limiting temperature rise to 1.5C 'very tough' 'Show consideration' during climate protests. Video, 00:01:17'Show consideration' during climate protests Migrants desperate for help camp on UN's doorstep. Video, 00:02:36Migrants desperate for help camp on UN's doorstep Joyful reunions as Australia's border opens. Video, 00:01:31Joyful reunions as Australia's border opens The pumpkins taking a dive this Halloween. Video, 00:00:28The pumpkins taking a dive this Halloween Three women, one cheating ex and an adventure. Video, 00:03:01Three women, one cheating ex and an adventure One-minute World News. Video, 00:01:00One-minute World News UN chief: We're digging our own graves on climate. Video, 00:01:39UN chief: We're digging our own graves on climate Passengers describe moment of Salisbury train crash. Video, 00:01:20Passengers describe moment of Salisbury train crash Protecting Australia's lesser-known sacred rock. Video, 00:03:20Protecting Australia's lesser-known sacred rock Â© 2021 BBC. The BBC is not responsible for the content of external sites. Read about our approach to external linking."
Fishing row: Jersey fisherman want fishing areas closed,"The Jersey Fisherman's Association (JFA) has called on the government to close its fishing areas to all vessels. The group wants several of the fisheries closed for six weeks and demanded the declassification of its waters be removed. It comes as tensions rose in the past week over rights of French fishing boats to work in UK waters. It led to France warning that it could cut electricity supplies to Jersey as it previously threatened in May. France was angered by a decision from the UK and Jersey in September to deny fishing licences to dozens of French boats and argued this breached the Brexit deal. It then warned it would tighten checks on UK boats and trucks if the dispute over fishing licences was not resolved by Tuesday. France has also said it could block its ports to British vessels in retaliation. Jersey's government said this week it was ""extremely disappointed"" at the French stance. On Friday the JFA met with government ministers and has since written proposals in respect of the threats by France. Don Thompson, the president of the JFA, said in a letter: ""We now have a situation where our local fleet are tied up as Jersey's fish exporters are prevented from accessing European markets and our fishermen are unable to land into France. ""At the same time we watch as French vessels continue to fish with licenses valued at Â£14 million (issued free of charge by Jersey) in Jersey waters, on Jersey's fish stocks and land back into France without constraint. ""This situation, we have stated is entirely unacceptable."" The letter called on Jersey's government to take a number of measures with revocation of all licences to be considered ""only as a last resort"". The States has been contacted for comment. Follow BBC Jersey on Twitter and Facebook. Send your story ideas to channel.islands@bbc.co.uk. Jersey offers 162 fishing licences after ultimatum Turbulence has hit relations with France, PM says Who really owns UK fishing rights? Up to France to end fishing row, says UK Restrict public access so âwildlife can be left aloneâ UK warns it may carry out checks on EU fishing vessels Why France and UK are fighting over fishing - and how a trade war could erupt One in three islanders with covid aged under 19 Fishing tensions rise as France charges UK trawlerman over licence Condor moves French sailings to blacklisted port over winter Information about BBC links to other news sites Summit is last, best hope to hit climate target - COP26 chief As the climate summit begins, Alok Sharma says the window of opportunity to avoid disaster is closing. 'Window closing' on 1.5C target - Alok Sharma G20 pledge climate action but make few commitments Can COP26 really save the planet? âAs a child I saw the plane crash that killed my sisters' Life where it's too hot to work, too hot to sleep How the Taliban takeover changed my life 'I want to give my autistic son a voice' Tiny pumpkins a smash hit for glassmaker. VideoTiny pumpkins a smash hit for glassmaker A lifetime with the Yanomami. VideoA lifetime with the Yanomami Jailed three times for refusing to join the army. VideoJailed three times for refusing to join the army The Tantra teacher giving millennials 'orgasms' in Singapore 15 sayings from around the world Â© 2021 BBC. The BBC is not responsible for the content of external sites. Read about our approach to external linking."
'Father of tiramisu' Ado Campeol dies aged 93,"Restaurateur Ado Campeol, dubbed ""the father of Tiramisu"" by Italian media, has died aged 93. Campeol was the owner of Le Beccherie, a restaurant in Treviso in northern Italy where the famous dessert was invented by his wife and a chef. The dish, featuring coffee-soaked biscuits and mascarpone, was added to their menu in 1972 but never patented by the family. It has since become a staple of Italian cuisine, adapted by chefs worldwide. There have been long-running disputes about the origin of tiramisu, including claims that it was served as an aphrodisiac at a brothel in the north Italian city of Trevisio. However it is widely accepted the recipe was developed in Campeol's restaurant in the city. Luca Zaia, governor of the Veneto region, was among those who paid respects, tweeting that the city had ""[lost] another star in its food and wine history"". Le Beccherie was opened by Campeol's family in 1939, and Campeol took over the business at the end of World War Two. According to the dessert's co-inventor, Chef Roberto Linguanotto, the dish was the result of an accident while making vanilla ice cream. Mr Linguanotto dropped some mascarpone cheese into a bowl of eggs and sugar, and after he noticed the mixture's pleasant taste, he told Campeol's wife Alba. The pair then perfected the dessert by adding ladyfinger sponges soaked in coffee, and sprinkling it with cocoa - calling it ""TiramisÃ¹"", which translates into English as ""pick me up"". The dish appeared in print in a 1981 issue of Veneto, a local publication dedicated to food and wine, and it is now one of Italy's best known desserts. Variants of tiramisu feature alcohol like rum or marsala, but the original recipe - certified by the Italian Academy of Cuisine in 2010 - was alcohol-free because it was intended to be child-friendly. Extreme weather events are 'the new norm' Scientists from the WMO say global warming is leading the world into ""uncharted territory"". Macron says Australian PM lied over submarine deal Migrants desperate for help camp on UN's doorstep. VideoMigrants desperate for help camp on UN's doorstep Can COP26 really save the planet? A really simple guide to climate change Migrants desperate for help camp on UN's doorstep. VideoMigrants desperate for help camp on UN's doorstep Three women, one cheating ex and an adventure. VideoThree women, one cheating ex and an adventure The film-school reject winning prizes and hearts Protecting Australia's lesser-known sacred rock. VideoProtecting Australia's lesser-known sacred rock What you can do to reduce emissions Can we stomach the latest emerging food innovations? The ancient martial art feared by the British Raj in India 15 sayings from around the world Â© 2021 BBC. The BBC is not responsible for the content of external sites. Read about our approach to external linking."
One dead in Czech cable car crash,"One person has died after a cable car became detached and plunged to the ground in the Czech Republic. The victim in Sunday's incident, on the Jested mountain in the north of the country, is believed to be a guide. He was the only person in the cabin. Fourteen people who were in a cabin travelling in the opposite direction were rescued by firefighters. An investigation has been launched into why the cabin came loose at the popular tourist destination. The cable route to the 1,012-metre (3,320ft) high Jested mountain near the city of Liberec uses two cabins, each operated manually by a member of staff. Last year, more than 210,000 people used the cable cars, according to the Lidove Noviny newspaper. Three arrested over fatal Italy cable car crash French Alps cable car tourists rescued Extreme weather events are 'the new norm' Scientists from the WMO say global warming is leading the world into ""uncharted territory"". Macron says Australian PM lied over submarine deal Migrants desperate for help camp on UN's doorstep. VideoMigrants desperate for help camp on UN's doorstep Can COP26 really save the planet? A really simple guide to climate change Migrants desperate for help camp on UN's doorstep. VideoMigrants desperate for help camp on UN's doorstep Three women, one cheating ex and an adventure. VideoThree women, one cheating ex and an adventure The film-school reject winning prizes and hearts Protecting Australia's lesser-known sacred rock. VideoProtecting Australia's lesser-known sacred rock What you can do to reduce emissions Can we stomach the latest emerging food innovations? The ancient martial art feared by the British Raj in India 15 sayings from around the world Â© 2021 BBC. The BBC is not responsible for the content of external sites. Read about our approach to external linking."
Libya: Thousands of migrants and refugees camp on UN's doorstep,"This video can not be played Up to 3,000 migrants and refugees have spent the past month camped out on the streets of Libya's capital, Tripoli, outside a community centre run by the United Nations. Many are desperate for help, after fleeing overcrowded detention centres. During one mass escape last month, six migrants were killed when guards opened fire. In this film, the BBC's international Correspondent Orla Guerin meets those on the streets, and asks what the UN refugee agency are doing about it. Camera: Dave Bull. Producer: Ahmed Edroughi. Senior Producer: Nick Springate. Video edited by: Alex Smith. Migrants desperate for help camp on UN's doorstep. Video, 00:02:36Migrants desperate for help camp on UN's doorstep Up Next. One migrantâs year-long attempt to cross the Channel. Video, 00:07:25One migrantâs year-long attempt to cross the Channel Risking death trying to get to England in a pedalo. Video, 00:07:06Risking death trying to get to England in a pedalo Handcuffed, blindfolded and beaten in Libya. Video, 00:09:30Handcuffed, blindfolded and beaten in Libya If Glasgow fails, then the whole thing fails - PM. Video, 00:02:33If Glasgow fails, then the whole thing fails - PM Biden: Russia and China 'didn't show up' on climate. Video, 00:00:58Biden: Russia and China 'didn't show up' on climate Passengers describe moment of Salisbury train crash. Video, 00:01:20Passengers describe moment of Salisbury train crash Three women, one cheating ex and an adventure. Video, 00:03:01Three women, one cheating ex and an adventure Protecting Australia's lesser-known sacred rock. Video, 00:03:20Protecting Australia's lesser-known sacred rock One-minute World News. Video, 00:01:04One-minute World News The Indian village that could disappear under water. Video, 00:02:53The Indian village that could disappear under water The moment train passengers flee Tokyo attack. Video, 00:00:47The moment train passengers flee Tokyo attack Swift performs at Rock and Roll Hall of Fame. Video, 00:01:46Swift performs at Rock and Roll Hall of Fame Â© 2021 BBC. The BBC is not responsible for the content of external sites. Read about our approach to external linking."
Tokyo knife and arson attack: The moment train passengers flee,"This video can not be played Video shows people trying to escape as smoke and flames fill a carriage during a knife and arson attack in Japan's capital. One man was left in a critical condition and more than 10 others injured in the attack on a major Tokyo train line on Sunday. The suspected attacker, a man in his 20s, was arrested at the scene. Read more: Several injured in Tokyo knife and arson attack The moment train passengers flee Tokyo attack. Video, 00:00:47The moment train passengers flee Tokyo attack Up Next. What happens when you try to swim in floating stone. Video, 00:00:49What happens when you try to swim in floating stone Firefighters battle Taiwan tower block blaze. Video, 00:00:45Firefighters battle Taiwan tower block blaze Our son was buried by mud - we couldn't save him. Video, 00:02:59Our son was buried by mud - we couldn't save him How protesters prepared for COP26 in Glasgow. Video, 00:02:33How protesters prepared for COP26 in Glasgow Why this element could help tackle climate change. Video, 00:02:32Why this element could help tackle climate change Sharks are my best friends. Video, 00:04:01Sharks are my best friends 'I want to feel as safe as men on public transport' Video, 00:02:58'I want to feel as safe as men on public transport' Michelle Wu makes history in Boston mayoral race. Video, 00:01:52Michelle Wu makes history in Boston mayoral race Halloween's over - what should I do with my costume? Video, 00:02:07Halloween's over - what should I do with my costume? One-minute World News. Video, 00:01:02One-minute World News Moment girl, 4, found after vanishing weeks ago. Video, 00:00:57Moment girl, 4, found after vanishing weeks ago 2021: A year of wild weather. Video, 00:01:522021: A year of wild weather Ardern: More needs to be done on climate change. Video, 00:02:09Ardern: More needs to be done on climate change Â© 2021 BBC. The BBC is not responsible for the content of external sites. Read about our approach to external linking."
FBI arrests suspected neo-Nazis ahead of Virginia gun rally,"The FBI has arrested three suspected members of a neo-Nazi hate group who planned to travel to a pro-gun rally in Virginia on Monday. One was a Canadian army reservist who was fired in August over ties to hate groups and has been suspected missing since, Canadian police told the BBC. Virginia governor Ralph Northam has declared a state of emergency in the city of Richmond ahead of the rally. He said law enforcement believed there was a threat of violence. Governor Northam on Thursday announced a ban on guns in the state's Capitol area in Richmond from Friday until Tuesday, citing threats of violence made ahead of the rally. The order also covers other weapons such as knives and sticks. He said some of the violent rhetoric seen online was reminiscent of that seen before the deadly Charlottesville rally in 2017, at which a 32-year-old counter protester, Heather Heyer, was killed by white nationalist James Fields. FBI in Baltimore, Maryland charged Brian Lemley, 33, and William Bilbrough, 19, with transporting and harbouring aliens. They charged Mr Lemley and Canadian Patrik Mathews with transporting a firearm and ammunition with intent to commit a felony. The FBI alleges that Mr Mathews entered the US illegally at the Manitoba/Minnesota border. All three are accused of being members of a white supremacist group known as The Base. According to the criminal complaint filed with the state's attorney general, The Base's members discussed in encrypted online chatrooms ""recruitment, creating a white ethno-state, committing acts of violence against minority communities (including African-Americans and Jewish-Americans), the organization's military-style training camps, and ways to make improvised explosive devices"". Monday's rally was planned by the Virginia Citizens Defence League (VCDL), a pro-gun-rights group, to protest gun control legislation that is expected to pass in the new year. VCDL said it was expecting 50,000 people to attend the protest. We have received credible intelligence from our law enforcement agencies of threats of violence surrounding the demonstration planned for Monday, January 20. This includes extremist rhetoric similar to what has been seen before major incidents, such as Charlottesville in 2017. Democrats won control of the Virginia state legislature last autumn, for the first time since 1994, and have made gun control a key part of their platform, especially in light of last summer's shooting at Virginia Beach, which killed 12. Mr Northam, who is also a Democrat and has been governor since 2017, tried to get gun control measures passed to no avail this summer, before the election. Mr Mathews was a combat engineer in the Canadian Army Reserve, but he was fired in late August after an nundercover reporter for the Winnipeg Free Press connected him to The Base and alleged he was trying to recruit new members. ""We're real (expletive) Nazis and they can't do sâ- to us but wait for us to put em against the wall,"" Mr Mathews allegedly wrote in an online encrypted chatroom. Police raided Mr Matthews' home shortly after the report and seized a number of firearms. He subsequently disappeared, and RCMP were still looking for him on 2 September, when they found his car abandoned about five miles (8 km) away from the Minnesota border. Four dates that explain the US gun debate 'A battle for the soul of America' Twelve killed in mass shooting in Virginia A reckoning in Charlottesville Biden attacks China and Russia for missing COP26 The US president calls the Chinese leader's absence from the Glasgow summit a ""big mistake"". Missing girl found alive weeks after vanishing Fury at Auschwitz tattoo stamp sale in Jerusalem Revealed: The Cryptoqueen's Â£13.5m London penthouse What's the climate impact of private jets at COP26? When cheering a cricket win can land you in jail How many trees has the world been cutting down? Border closures threaten Hong Kong's hub status Job-seekers turn to TikTok to post 'CareerTok' CVs Bosnian leader stokes fears of Balkan breakup BBC Travel: The city where you can't serve meat Behind the scenes at COP26. VideoBehind the scenes at COP26 15 sayings from around the world Â© 2021 BBC. The BBC is not responsible for the content of external sites. Read about our approach to external linking."
Sudan coup: Khartoum barricaded by pro-democracy activists,"This video can not be played Sudanese protesters have barricaded roads in the capital, Khartoum, as part of week-long demonstrations against a military coup. Three people were killed on Saturday when security forces fired shots and tear gas to disperse protesters in the nearby city of Omdurman, medics said. The interior ministry denied that live rounds had been fired. The army seized power on Monday, detaining Prime Minister Abdalla Hamdok and other civilian leaders. The UN's Sudan envoy, Volker Perthes, met Mr Hamdok at his residence on Sunday. Mr Perthes said Mr Hamdok was well but remained under house arrest. ""We discussed options for mediation and the way forward for Sudan,"" he added. Coup leader Gen Abdel Fattah Burhan dissolved civilian rule on Monday. The general, who also called a state of emergency, said his actions were justified to avoid ""civil war"" and stop political infighting. The military takeover has drawn widespread international condemnation. Saturday saw the biggest demonstrations yet, with tens of thousands marching across the country with Sudanese flags and chanting, ""No to military rule!"" ""These protests are going to continue being peaceful even when faced with the guns,"" Shaheen al Shaheef, a member of the Khartoum Resistance Committee, told the BBC. More than 10 protesters have died in clashes with security forces last week. The Sudanese authorities have cut off the internet and other communications. Until Monday's coup, civilian and military leaders had been in an uneasy power-sharing agreement since long-time ruler Omar al-Bashir was overthrown in 2019. The deal was designed to steer Sudan towards democracy, but it proved to be fragile with a number of previous coup attempts. Gen Burhan, who was head of the power-sharing council, said Sudan was still committed to the transition to civilian rule, with elections planned for July 2023. Africa Today podcasts Extreme weather events are 'the new norm' Scientists from the WMO say global warming is leading the world into ""uncharted territory"". Macron says Australian PM lied over submarine deal Migrants desperate for help camp on UN's doorstep. VideoMigrants desperate for help camp on UN's doorstep The challenges that COP26 needs to tackle A really simple guide to climate change Migrants desperate for help camp on UN's doorstep. VideoMigrants desperate for help camp on UN's doorstep Three women, one cheating ex and an adventure. VideoThree women, one cheating ex and an adventure The film-school reject winning prizes and hearts Protecting Australia's lesser-known sacred rock. VideoProtecting Australia's lesser-known sacred rock What you can do to reduce emissions Can we stomach the latest emerging food innovations? The ancient martial art feared by the British Raj in India 15 sayings from around the world Â© 2021 BBC. The BBC is not responsible for the content of external sites. Read about our approach to external linking."
